epoch,train/box_loss,train/obj_loss,train/da_seg_loss,train/ll_seg_loss,train/total_loss,val/box_loss,val/obj_loss,val/da_seg_loss,val/ll_seg_loss,val/total_loss,metrics/P,metrics/R,metrics/mAP50,metrics/mAP75,metrics/mAP50-95,metrics/da_acc,metrics/da_iou,metrics/da_miou,metrics/ll_acc,metrics/ll_iou,metrics/ll_miou,lr,fitness
1,0.021696447610291464,0.0038189036552364964,0.07697509516285948,0.08967405163746847,0.19216449724303353,0.020601159169827875,1.1183698875866637,0.12593977592794475,0.11615516056500076,1.38106595304832,0.8503389338054572,0.7685163886192633,0.8812912985821155,0.84093166864542,0.7078221767373296,0.9739883971422338,0.9023302088724469,0.9340305374928793,0.9103646984789959,0.1925201739515235,0.5863081413030542,1.0549976572045824e-05,0.7251690889218082
2,0.01847523111823603,0.0020283037184541663,0.06327526576059649,0.0873616881333908,0.17114048773515309,0.018422786914865385,1.09060425377225,0.1253899301793979,0.11607637100025725,1.350493308761357,0.8898354339580821,0.8217400468016428,0.9276388420161739,0.888163836496252,0.7647935811411742,0.9850671114504556,0.9440951973200993,0.9620478442154757,0.9215666740978468,0.24282485415075952,0.6137709002475265,2.1149812132698287e-05,0.7810781072286742
3,0.01661379809075213,0.0016346910197825018,0.06027971694232724,0.08657002267835058,0.16509822761336118,0.018830440716385632,1.0899362223893143,0.12515910241564324,0.11597905063231266,1.3499047770758157,0.9310965595776879,0.8300578034682081,0.9451877832589944,0.8966917104557859,0.7688460250209721,0.9893648423865616,0.9597129387982828,0.9727136033370254,0.9226022411804656,0.31995449438279083,0.6546761860517231,3.174936545081912e-05,0.7864802008447744
4,0.015623294019248196,0.0014434469489481995,0.05936387877902522,0.08614218791827877,0.16257280738359364,0.01790832164816,1.080185760844233,0.12504870670784207,0.11591237336462185,1.339055134987956,0.899463740977082,0.8820809248554913,0.9517025813430668,0.9081211020538114,0.7811186596656905,0.9910806079721736,0.9660914137734432,0.9770452770312571,0.9331642197183443,0.3848895863791442,0.6884192048041475,4.234849529991422e-05,0.7981770518334281
5,0.014829748130577393,0.0013107371717761868,0.05894212328760618,0.08580414756877132,0.160886756001353,0.016873558863711394,1.0707346217503309,0.1249985665759075,0.11585568724424428,1.328462394744314,0.9205652608877615,0.8855491329479769,0.9594796703401349,0.910804807905056,0.799464080780796,0.9917678413442893,0.9686879413691952,0.9788011279496444,0.9427562821127706,0.4459498934301826,0.7198460163599171,4.994722700660653e-05,0.8154656397367299
6,0.014281017870485935,0.0012302254748048514,0.05872621937670324,0.08562882260439243,0.15986628488727778,0.018071893089520792,1.077753028803055,0.12497489896796345,0.11582365651236258,1.3366234448151646,0.9265331558368326,0.8786127167630058,0.9600958015242526,0.889389325179576,0.7734851370091383,0.9921036409855531,0.9699605705460366,0.9796612491323144,0.9468488537285114,0.4828944415940923,0.7387515461082094,4.9997224230837365e-05,0.7921462034606498
7,0.013898802322135188,0.001163446150068414,0.058534630787851684,0.08546169308491984,0.15905857184818167,0.01654441636062209,1.0637958313574132,0.12494470617273923,0.11581000845625762,1.3210949392218865,0.9233239024287697,0.8855491329479769,0.9625399902267883,0.9129952680359151,0.8051384640851674,0.9925211408643593,0.9715442331503426,0.9807313333403633,0.9509250205580382,0.4949674965302779,0.744904176730849,4.99960029285682e-05,0.8208786166993295
8,0.013501295561486108,0.0011281144261430628,0.05841717219979769,0.08541443992194765,0.1584610218274678,0.015892098314058925,1.0582308230308544,0.12493511643033169,0.11579677641690818,1.3148547993488544,0.9130253581397216,0.8980611281107282,0.9646421205347351,0.9169281668020497,0.8152079941331143,0.9926997588229596,0.9722159173780104,0.9811867797588673,0.9534053680951015,0.5135496391042045,0.7543788063435946,4.999455959983215e-05,0.8301514067732765
9,0.01327405412991841,0.0010988204484149353,0.05833517014980316,0.08531657353827364,0.1580246170502746,0.015947538982511188,1.0596876906682893,0.1249269933730728,0.11578543592784,1.3163476368935736,0.909968356642901,0.9132947976878613,0.9666279622536775,0.9096189711782107,0.8144088395697455,0.9927241795132825,0.9723222817362644,0.9812555978930293,0.9524775384324392,0.5300423321262971,0.7627823739331576,4.999289425887425e-05,0.8296307518381387
10,0.012826700805208646,0.001051747749073004,0.058254046141044465,0.08523807465704268,0.1573705692945079,0.0162218329752511,1.0583316878873017,0.12491667303167296,0.11578269630514515,1.3152528639239167,0.9108774344181799,0.9098020145649172,0.9673120222067048,0.9082211399158565,0.8111267790164076,0.9929557443159784,0.9731783427164816,0.9818396119089133,0.9550080340454609,0.5307230728884136,0.7631223190669656,4.999100692213077e-05,0.8267453033354373
11,0.012669492711975787,0.0010142227621577308,0.05822502940576127,0.08523581470043594,0.15714455929631038,0.015800451181737955,1.0540060270352722,0.1249086118155333,0.11577966841454593,1.3104947224961525,0.9193852400932169,0.9097372793737715,0.9683157028240333,0.9232343006197721,0.8209407140030217,0.993007070183731,0.9733878741391072,0.9819778255793057,0.9567631482113867,0.5387826301644922,0.7672198858401862,4.9988897608228966e-05,0.8356782128851229
12,0.01242775200952029,0.0009942853264070291,0.05814778213840568,0.08517434248749176,0.15674416203025385,0.016445559333964372,1.0579838074689136,0.12490306879161332,0.11578130516277246,1.3151137046580956,0.922394615259155,0.9098265895953758,0.9699185013542337,0.9104170489745224,0.8083268390236134,0.9930335890537135,0.9734769057762817,0.9820408333744469,0.9591259704072584,0.5354343297882947,0.7655076858532192,4.998656633798689e-05,0.8244860052566754
13,0.012444968761845403,0.0009662529155083571,0.058106050952106504,0.08519808740198753,0.15671535910725876,0.015504218416896377,1.0512105336613682,0.12490024953352427,0.1157752592506677,1.3073902327768883,0.9012997944819949,0.9294797687861271,0.9692552759459665,0.9214452100380022,0.8245840567525077,0.9930296350833818,0.9734727891944963,0.9820355921012347,0.9583809529505701,0.5459722485770391,0.7708739651018992,4.998401313441326e-05,0.8390511786718535
14,0.012135925061877457,0.0009389887035033941,0.05807013294481216,0.08518045388126909,0.15632550041444476,0.015525511449128131,1.0513569752957808,0.1248999793362035,0.11577644419529676,1.307558888748262,0.890301235784115,0.9382515182541953,0.9700397902554968,0.9227952166916018,0.8223492447813916,0.9929634704649021,0.973241413424361,0.9818743219009874,0.9597943007245306,0.5397341896888019,0.7676978570231093,4.998123802270715e-05,0.8371182993288021
15,0.011995494317782969,0.0009199695160555223,0.05802343763745705,0.0851770077697739,0.1561159092061063,0.01609983983880354,1.05245882643455,0.12488931273134592,0.11577169936195822,1.3092196482846459,0.8926073465500173,0.9329479768786128,0.9700400935965064,0.911989074315183,0.8145152758522205,0.993115425635059,0.9738101997639272,0.9822609929481769,0.9596650576358561,0.5463044418759222,0.7710392717451905,4.9978241030257813e-05,0.8300677576266491
16,0.011835747957229609,0.0008940697276423172,0.0580068117989575,0.08512783418442552,0.15586446282006888,0.014540448315688662,1.0468186058590343,0.12488338234224869,0.11576802492544809,1.3020104134478079,0.9016404840480245,0.932574888351891,0.9703510798487374,0.913371987768431,0.8315517498134202,0.9932501408885979,0.9743114809712883,0.9826024481616183,0.9597435161455374,0.5517310220744954,0.7737981036412132,4.9975022186644335e-05,0.8454316828169519
17,0.01178813331797895,0.0008863261338525919,0.05798225130348623,0.08510167396299312,0.1557583848353537,0.015090395613698643,1.045584981761886,0.12488430884079992,0.11576954898201774,1.3013291933149567,0.9284494772017117,0.9052023121387284,0.9718911284252658,0.9210559978077917,0.8291519414505167,0.9932403847319179,0.9742746088961258,0.9825774613347914,0.96166257322868,0.5507730909274199,0.7733066087408103,4.99715815236354e-05,0.8434258601479917
18,0.011665038938499793,0.0008659359218275295,0.057916882163878025,0.08511557257414991,0.1555634286809475,0.014483286032085851,1.0430979064621853,0.12487714289058566,0.11576856727050341,1.2982268712075384,0.9289348509875711,0.9109826589595376,0.9697935629709171,0.9189924660761799,0.8348492108595702,0.9932938693765756,0.9744688617028335,0.9827108417238869,0.962383870387029,0.5487661460219412,0.7722839350686954,4.9967919075188965e-05,0.848343646070705
19,0.011485249970821622,0.0008458966991685807,0.05792141035551439,0.08510608500834052,0.15535864135334115,0.01530319010816112,1.0451220462126671,0.12487587046664839,0.11576359796729492,1.3010646735186353,0.9168513824573253,0.9178259808117833,0.9704567498707714,0.9252392286617421,0.8260463769617509,0.9933069583818108,0.9745292182961,0.9827491016396587,0.9619730973985179,0.5597731946391977,0.7778811779848412,4.9964034877451944e-05,0.8404874142526529
20,0.01148836961592907,0.0008320572227239609,0.057878371821298104,0.08506400783240231,0.1552628062436485,0.015047180134588509,1.04447096207171,0.12487092477644926,0.11576196110204356,1.3001510050492344,0.9451169742668942,0.8958678889700928,0.9728024432190153,0.9195681634571304,0.826227331811069,0.9934200101197401,0.9749502236453905,0.9830357890054059,0.9627930269971751,0.5646297000279025,0.7803467968283905,4.995992896875977e-05,0.8408848429518636
21,0.011247705438176499,0.0008382137571560579,0.05786256561711889,0.08504857162088508,0.15499705650423154,0.014710577004450985,1.0436528196218338,0.12487096791960182,0.11576472065471646,1.2989990640477151,0.9255858607191153,0.9213872832369943,0.9740763835619289,0.927751818484922,0.8346019480525069,0.9933368479736285,0.9746376380734021,0.9828236374648359,0.9620586978555138,0.5562960906159717,0.7761168434957251,4.9955601389636114e-05,0.8485493916034491
22,0.011081896482066343,0.0008098987339341893,0.05782947161765527,0.08507271058610849,0.15479397713856213,0.014683538473505422,1.0432729613885001,0.12486648623283829,0.11576094335663485,1.2985839040699638,0.9318790933643969,0.9052023121387284,0.9725773956894775,0.9139715418639005,0.8267762372272609,0.993424388270797,0.9749711927230373,0.9830488190709838,0.9639804754582915,0.5671502207315282,0.7816238568198218,4.995105218279244e-05,0.8413563530734827
23,0.011023526217075103,0.0008000979134834968,0.05782239806637978,0.0850603567198553,0.15470637846077587,0.014196008324207017,1.0396598348567625,0.12486226556344807,0.11575546293124478,1.294473535727456,0.9326034390970098,0.9118389718543649,0.9754675658168354,0.9277799989564535,0.84057601399756,0.993504452382684,0.9752608518786747,0.9832481621891486,0.9628654283162672,0.5794004796152891,0.7878475056122382,4.994628139312757e-05,0.8540651691794876
24,0.010978010746322346,0.0007759489591099125,0.0578096374323323,0.0850578146121392,0.1546214110885106,0.01420736825070872,1.0391818463656708,0.12486354914375208,0.11575902128237808,1.2940117651255343,0.9365466413794117,0.9063583815028902,0.974665638853556,0.9382371916938586,0.8423149772106943,0.9934784107160172,0.9751640241837954,0.9831821652349124,0.9639553079444254,0.5687834368825249,0.7824562923513708,4.994128906772729e-05,0.8555500433749804
25,0.010938201068986398,0.0007664587652535304,0.057782010767547236,0.08502953597531604,0.1545162060370682,0.014506141517382847,1.0418469878724317,0.12486244011247762,0.11576031230676133,1.2969758545957102,0.9432013808706666,0.9028901734104047,0.9755988411999476,0.9266106974032331,0.8346075794149863,0.993471904086678,0.9751305539130187,0.983161567190811,0.9643153249962898,0.5654655515568913,0.7807694738008017,4.9936075255863814e-05,0.8487067055934824
26,0.010825619920207535,0.0007682118556917981,0.05777736600867118,0.08504276814701005,0.15441396466101878,0.014467977670266788,1.039830344368234,0.12485873791507818,0.11575820900005716,1.294915242136877,0.9360022708439852,0.9144508670520232,0.9761077456518527,0.9224552516292686,0.8326134573215261,0.9935169354154547,0.9753031360951985,0.9832781221395284,0.9642957700900295,0.5703236362259555,0.7832398693599298,4.9930640008995384e-05,0.8469628861545588
27,0.010839131109539778,0.0007694948744689322,0.057759775029358855,0.0850105619819804,0.1543789630311037,0.014186206363258562,1.0404810716718902,0.12485693141583996,0.11575477963628777,1.2952789569608412,0.9718307973379169,0.8774506107363222,0.9790222946391423,0.926991734022602,0.8408488982061646,0.9935531877181498,0.9754508115894243,0.9833755364130258,0.96460508785105,0.577533634325716,0.7869007977292901,4.992498338076567e-05,0.8546662378494624
28,0.010691199502764584,0.0007395023241392548,0.05773053002977484,0.08505255787305305,0.1542137891547336,0.01465271063396028,1.0421680572935839,0.12485484409602733,0.11575473185765181,1.2974303228484814,0.9600416969229518,0.8888265674937694,0.9739700096040215,0.9104066829038537,0.8283469248091999,0.9935940151129533,0.9756137853809218,0.9834840694060627,0.9642841605051318,0.5757375105232491,0.7859898165663737,4.9919105427003324e-05,0.8429092332886821
29,0.010674685992247666,0.0007301660371728539,0.057718406596505054,0.08501261724577445,0.1541358753862674,0.015049875386930466,1.0415760829852305,0.12484914774357961,0.11575455978564775,1.2972296378583392,0.9513428914360635,0.9052023121387284,0.9765122245015351,0.9290970915421777,0.8288301187875436,0.9936850018785149,0.9759496883214714,0.9837135392925089,0.9657784606867239,0.5768155323518518,0.7865332273287056,4.991300620572138e-05,0.8435983293589429
30,0.010463151799307934,0.0007134922606161577,0.05771446833056761,0.08500296661264789,0.15389407906971925,0.014413929835456002,1.038990057900314,0.12485181286696988,0.1157534482740971,1.2940092132561702,0.9271512757996463,0.9269433430887905,0.9765044720086535,0.9255191216160508,0.8354085734668504,0.9935940908595112,0.9756083303602123,0.9834817579193983,0.9643613764236305,0.5797057094992767,0.788002302265912,4.990668577711668e-05,0.8495181633210307
31,0.010381695592938864,0.0007145051713636575,0.05770840388381453,0.08500055302304367,0.15380515813404785,0.014076936195034008,1.0372367862881164,0.12484577022505888,0.11575305908203229,1.2919125107570468,0.9411371286041947,0.9190751445086706,0.9769943502281038,0.9329122204095515,0.8443937524559135,0.993703703703704,0.976030125603785,0.9837658265551237,0.9658777928196939,0.5802621800272899,0.7882830061521073,4.9900144203569306e-05,0.8576538122331326
32,0.01037913075293773,0.0007022292468142001,0.057681574933142805,0.08499901618667599,0.15376195050864072,0.013858571813992807,1.0376981978225042,0.12485005285259317,0.1157555806484678,1.2921623817497108,0.9317893655012253,0.9317546821004361,0.9766449076689856,0.9269741564076428,0.8427379919161926,0.9936470301289508,0.9757996147165632,0.9836134463590465,0.9668983283330874,0.5725673410450787,0.7843742407180169,4.989338154964194e-05,0.8561286834914719
33,0.010323525802463507,0.0007022162089146344,0.05767324956983821,0.08501902076660107,0.15371801166951515,0.013888676581582477,1.0360216632729844,0.12484838868154906,0.11575556479810524,1.290514260894549,0.9401156152722275,0.92559689639259,0.9783208916513991,0.9298247946988097,0.845161565429606,0.9935972419163276,0.9756399847031079,0.9834985554457005,0.966153700966206,0.5715351912093053,0.783852928386347,4.988639788207926e-05,0.8584774980517853
34,0.010232736320360331,0.0006896972665937518,0.05766777244196152,0.08498658258115639,0.15357678797509935,0.014530955532250396,1.0389132201775624,0.12484940734365224,0.11575103598934505,1.2940445892889878,0.9235915191309311,0.936261440003038,0.9761517771438738,0.9283743930776762,0.8368126414837593,0.9936134592544116,0.9757019141276535,0.9835405058369155,0.9653503214676796,0.581167700459261,0.7887455992969509,4.987919326980723e-05,0.8507465550497708
35,0.010099478534491068,0.0006950861201500493,0.05766528504889626,0.08497999647266757,0.15343984570486327,0.013870857570183836,1.0369169367712,0.12483819784762347,0.11575416049043961,1.291380129767546,0.9194135893038036,0.9352601156069364,0.976559186765711,0.9346785794861256,0.8462458463911705,0.9937548326304049,0.9762250088187293,0.9838975255803872,0.9665760779214563,0.5745025404503122,0.7853598565015175,4.987176778393248e-05,0.8592771804286246
36,0.01008978977834643,0.0006895825956413086,0.057641802509766665,0.08498432635864679,0.1534055013817253,0.014107337066640403,1.0362400650104306,0.1248418396732154,0.11575435220311034,1.2909435587195617,0.925681418119443,0.9375722543352601,0.9766827813004946,0.9301578804659398,0.8411822217187452,0.9937344643809384,0.9761585739807097,0.9838500897611905,0.9670925848208007,0.5732755410952914,0.7847355955199614,4.986412149774155e-05,0.8547322776769202
37,0.010142904063488577,0.0006843272139523042,0.057644258083744813,0.08496178063755551,0.15343326957231435,0.013997212644230844,1.0364460988735449,0.12484384780622902,0.11574894064683044,1.2910360657523856,0.9155256268842724,0.9397033243800912,0.9757326304530292,0.9238132391210145,0.8390984976518965,0.9936390540163851,0.975790019326691,0.9836021556311257,0.965118952463169,0.5858727268278554,0.7911336885296402,4.985625448670019e-05,0.8527619109320097
38,0.010031740025707456,0.000674749087216443,0.057633372811913205,0.08499733606754113,0.15333719843950114,0.013751323435319034,1.0344625428417797,0.12483894142336871,0.11575100981479228,1.2888038046072916,0.9291279074119041,0.9245153098117794,0.9772070636266075,0.9287893614358709,0.8445302548029782,0.993724177998352,0.9761096495926901,0.9838192157532486,0.9670964046303283,0.5800605666381322,0.7881792723575064,4.984816682845264e-05,0.8577979356853411
39,0.010007862430374114,0.0006504606511047549,0.05762024635083568,0.08496375641527962,0.1532423258814124,0.01373132104232881,1.0338612596069126,0.12483693442159506,0.11575299165622831,1.2881824991049775,0.9285556615138926,0.9315706583302048,0.9762503026269849,0.932006861039542,0.8488867317571257,0.9937802683246074,0.9763304729754612,0.9839667688978246,0.9681812975092184,0.5770603660230558,0.7866550396176629,4.983985860282081e-05,0.8616230888441117
40,0.00993754186246976,0.0006606539054366432,0.057621882237652515,0.08497462015220318,0.15319469757818444,0.013494246709201137,1.0343419239783158,0.12483508978526629,0.11575341566642958,1.2884246404258368,0.9264723743741036,0.9260115606936417,0.9755122488341061,0.935986356841938,0.8536079272186328,0.9938080597367656,0.9764280673545241,0.984034713412171,0.9680198617119646,0.5753649009140431,0.7857917553603071,4.983132989180354e-05,0.8657983593801801
41,0.009870579778161736,0.0006446571848035986,0.057616783072621545,0.08496060991664164,0.15309262966151496,0.0137299237846288,1.0360156789250399,0.12483178582335018,0.11575176758304836,1.290329143430966,0.9446406192829014,0.9074384101029297,0.9748629896849825,0.9225522411122254,0.8468326033284759,0.9938732093513669,0.9766666427441674,0.9841981503831632,0.9679016169372974,0.5796699445474693,0.787980692200316,4.9822580779575757e-05,0.8596356419641266
42,0.009820867786734383,0.0006407088951051382,0.05760246743371019,0.08490541140960604,0.15296945437331008,0.01380336012515722,1.0364316104802371,0.12483285505318101,0.11575011556308203,1.2908178959009327,0.9446068697531261,0.9098265895953758,0.9753329585284273,0.9319073409812435,0.8448560543731972,0.9938303973967424,0.9765044389255949,0.9840882528283987,0.9676595229597105,0.5823183251464452,0.7893252323995539,4.981361135248767e-05,0.8579037447887202
43,0.009767108868199887,0.0006534281984218184,0.05759092597356925,0.08496371905449293,0.1529751817737629,0.013972760299529501,1.037011751238172,0.12483147553852507,0.11575194713163854,1.2915678893916478,0.9170401307189743,0.9328827605311742,0.9773762196097384,0.9382368936984865,0.8443311054025442,0.993846039060985,0.9765772413284016,0.9841342707013284,0.9688383697052912,0.5790078535405168,0.7876411398769219,4.9804421699063906e-05,0.8576356168232637
44,0.009811105601331022,0.0006419665022944727,0.057600385956378126,0.08496021342201789,0.15301367076857997,0.013761596229271946,1.0362331338453046,0.1248363933768156,0.11574988437078594,1.2905809739913408,0.9314665799838279,0.927045043888022,0.9770597182044783,0.9272294065688618,0.8476709283788578,0.9937809954915651,0.976334757888032,0.9839690682974233,0.968112553203655,0.5834934987753181,0.7899162058383346,4.979501191000262e-05,0.8606098073614199
45,0.009672726285654883,0.0006286265149747794,0.05757981374965492,0.08494700851627839,0.15282817484357397,0.013797368432214746,1.0352693698210658,0.1248334543113101,0.11574950636759479,1.2896496712849401,0.9349284297801761,0.9144508670520232,0.9746409331021362,0.9274701480444099,0.8458328776044463,0.993799621570196,0.9763945175542911,0.9840122964742429,0.9680374071867709,0.5824999165312844,0.7894161386660187,4.978538207817465e-05,0.8587136831542153
46,0.009701397379521224,0.0006265618247871704,0.057595673622673565,0.08494884362246127,0.15287247624239458,0.014085058490851373,1.0373360030355672,0.12483725591479795,0.11575035345179872,1.292008629019972,0.943875334539539,0.9144508670520232,0.9766516568136581,0.9162631516188936,0.8376933300489318,0.9937398651105287,0.9761751033351915,0.983862050262992,0.9678344865920284,0.5799288944422908,0.7881098029327085,4.977553229862255e-05,0.8515891627254044
47,0.0096117779549132,0.0006207378411194392,0.057561010395311016,0.08492966686280766,0.15272319309818547,0.013714854386464458,1.034678033958555,0.12483478884942452,0.11575011537779271,1.2889777725695732,0.9446981789649156,0.9281869597843148,0.9791181428106762,0.9288384463536188,0.8514306245975017,0.9937436145651544,0.9761892357943566,0.9838716052072227,0.9692734571654675,0.5812654675589044,0.7887861684232058,4.976546266855965e-05,0.8641993764188193
48,0.009528032028365075,0.0006225291765504133,0.057572733126492644,0.08493960637546388,0.152662900111354,0.01367714326107065,1.035613456047018,0.12482888238540286,0.11575022820272787,1.2898696862798296,0.9420065086962187,0.9213872832369943,0.977276520481704,0.9177195421136528,0.8476671952365786,0.9938427062124299,0.9765562488984636,0.9841220711958518,0.9681796355189884,0.5780563354423038,0.7871621329253244,4.975517328736914e-05,0.8606281277610912
49,0.009543151331286059,0.0006179819696408918,0.05755709249957797,0.08493819103596058,0.15265641638009542,0.013372986623546005,1.0336603937598425,0.12483237480930008,0.11574682558238195,1.2876125490894283,0.9417542832239049,0.9190751445086706,0.9729574363773076,0.9405918928280592,0.8540458613255761,0.9937954555095017,0.9763714377950975,0.9839983519850257,0.9674868772367845,0.5880221301460433,0.7922204296609883,4.974466425660307e-05,0.8659370188307492
50,0.009452022979163675,0.0006068744637230607,0.057548123849974174,0.08495984502559435,0.1525668651217828,0.01408996897530181,1.0375894837437714,0.12483145193851847,0.11574858510265383,1.292259460968497,0.9435822422133259,0.9109826589595376,0.9736320484431671,0.9272063260155529,0.8428136468576556,0.9938444862565443,0.9765647710644144,0.9841275382544721,0.9671960373341236,0.5831336356781573,0.7897414088941254,4.973393567998132e-05,0.8558954870162068
51,0.009441887253001508,0.0005920870506136415,0.05754900571337546,0.08491752632887017,0.15250050662257147,0.013584165795727344,1.0320446287358205,0.12483080731376511,0.11574719102165774,1.2862067711498932,0.9419419583655821,0.9213872832369943,0.9751449359317638,0.9384507311621233,0.8519631186652689,0.9938104381786894,0.9764296077441538,0.9840374554082155,0.9673967577977932,0.5854120485132835,0.7908971482600627,4.97229876633906e-05,0.8642813003919183
52,0.009422541087400826,0.0006008199328472995,0.05754934199348127,0.08492064735814753,0.1524933495561,0.013898164513431503,1.035607387815678,0.12482315138060385,0.11575161790179436,1.2900803105785377,0.9584306633537515,0.9062551140187772,0.9735963174150805,0.9270307222527849,0.8443576689380194,0.9939950173914098,0.977117744041905,0.9845061379573651,0.968996871773046,0.5760630165969005,0.786148353632819,4.9711820314883436e-05,0.8572815337857256
53,0.009271551379075288,0.0005838935163497363,0.057528373479279506,0.08488958962393779,0.1522734064793756,0.013404314928862023,1.0332891021515473,0.12482744853221933,0.11575032009322189,1.2872711538644361,0.9384454280201335,0.916507566816337,0.9726309315986803,0.9275557384749727,0.851237801192293,0.9938770042539264,0.9766771425735732,0.9842060950144609,0.9688490640361379,0.5776577119983493,0.7869555869730772,4.970043374467703e-05,0.8633771142329317
54,0.00928545060169049,0.0005896109685160872,0.0575275065170394,0.08494996048739052,0.1523525279464451,0.01380024001860494,1.0327650516902793,0.12482939676152474,0.11574786792575897,1.2871425314099376,0.9514535594279206,0.9063044576058737,0.9761485446823991,0.9263608643167143,0.8485424695943896,0.9938565223846226,0.9765958174027167,0.9841519712791544,0.9678897350479002,0.5836979883271686,0.7900252421524746,4.968882806515226e-05,0.8613030771031905
55,0.00938342354821821,0.0005802922302209738,0.057514414869372164,0.08491996128385089,0.15239809161100545,0.01397946072706585,1.0346094293244843,0.12482449805029192,0.11575151182529086,1.2891648654122212,0.9351390267935493,0.9167255245113525,0.9748217774333151,0.9306325750022322,0.8474579934530183,0.993953879435718,0.9769681449440076,0.9844032855486353,0.9695814428885434,0.576205515861118,0.7862178226888429,4.967700339085246e-05,0.8601943718510481
56,0.009195725179451296,0.0005765161996192119,0.05751623157808121,0.08490350319790362,0.15219197586073097,0.01336304292108792,1.0305278758103933,0.12482873789875087,0.1157499228557003,1.2844695678764197,0.9273722771128293,0.930635838150289,0.9737770991056949,0.9366070733876407,0.8566428521011517,0.9938584842204767,0.9766236946398039,0.9841659762736392,0.9690784713016382,0.5791480622048529,0.7877138556111681,4.9664959838482415e-05,0.868356276801606
57,0.009238562937605749,0.0005743485789561104,0.05750528984564416,0.08493503058950107,0.15225323146962105,0.013886312547986626,1.0358885330013785,0.12482362620233449,0.11574782928806221,1.290346255269142,0.9302790501248678,0.9283236994219654,0.9761238597558757,0.9285937412994341,0.8470378733091575,0.9939273984390151,0.9768803957152261,0.9843408886678372,0.9683651163146183,0.5829186778780001,0.789628592202116,4.965269752690713e-05,0.8599464719538292
58,0.009200600529393406,0.0005811986114926654,0.05751851822819834,0.08492016640819838,0.15222048354346138,0.013857873075919624,1.0346759778833308,0.1248276952855666,0.11574490138217416,1.289106423318074,0.9332378866411204,0.9260115606936417,0.9765216963934513,0.9278165077155691,0.8486514265022572,0.9938581282116544,0.9766352315694917,0.9841707324043553,0.9676202910844708,0.5903746026998478,0.7934120652239981,4.964021657715064e-05,0.8614384534913766
59,0.009144359780541546,0.0005736059540481997,0.057519567166025756,0.08494724909032983,0.15218478138283353,0.013597848689993017,1.0336489348885898,0.12482742607645547,0.11574882714575185,1.287823007993049,0.9462254248282693,0.9154067813984453,0.9752573252496989,0.9220479529121067,0.8510214603880142,0.9938548635350006,0.9766151285125937,0.9841588035891343,0.968965979468953,0.579844711911975,0.7880674635555738,4.962751711239492e-05,0.8634450468741827
60,0.009100692128458761,0.000551161111176155,0.05751342771147724,0.08492176049118134,0.15208704068587464,0.013265210655347213,1.0293787502535143,0.12482900834312406,0.11574970595018506,1.2832226576397348,0.9435217510268693,0.9270344804561714,0.9766168462029818,0.9403192150267314,0.860174348912642,0.9937902668702734,0.9763721630702403,0.9839940148854641,0.9695220255103006,0.5786768979259073,0.7874722366214353,4.9614599257978536e-05,0.871818598641676
61,0.00910768102810456,0.0005659158970834797,0.05752397308359473,0.0849076400645271,0.15210520861842108,0.013296760106378,1.0316166102490916,0.12482294490980228,0.11574989253001687,1.28548618074487,0.9380714153796692,0.9317919075144508,0.9755977448540568,0.9432506893206569,0.8621078065823997,0.9939035912958116,0.9767899174470456,0.9842796852689525,0.96971749022041,0.5780173174356017,0.7871348449574925,4.9601463141395496e-05,0.8734568004095654
62,0.009058057103596676,0.000563315897387393,0.05750376140218818,0.08491196736790257,0.15203710139925034,0.013416427401972068,1.0329600552863474,0.12482806462892063,0.11575022980206716,1.2869547468205398,0.9327745928950301,0.9329479768786128,0.976503468761347,0.9326698582777214,0.8559536394923212,0.9937950616273994,0.9763909239823242,0.98400658190862,0.9694827474636516,0.5776235784697326,0.78693547502933,4.958810889229398e-05,0.8680086224192238
63,0.009009499501956552,0.0005542427996265974,0.05748816206170594,0.08490094074860532,0.15195284575998924,0.013757082835541968,1.0335669267531256,0.12482240878006551,0.11574876286336473,1.287895163108333,0.9279887700918121,0.9385707299332658,0.975086206874687,0.9289665224448134,0.8526693940411378,0.9939360032480122,0.9769217042267271,0.9843666880446267,0.9694588194787181,0.5784347396469893,0.78735022520322,4.9574536642475015e-05,0.8649110753244927
64,0.008960590444276237,0.0005410054186028791,0.057483811442240476,0.08489576449296295,0.15188117117464683,0.01318667518634863,1.0304927125567955,0.124827736231253,0.115746302838985,1.2842533956647544,0.9441226821844025,0.9190751445086706,0.9742161319398334,0.9324996405604309,0.8603788183572005,0.9937934330764012,0.9763976661456687,0.9840080421711556,0.9685418777446325,0.5860417819590964,0.7912132443017632,4.956074652589125e-05,0.8717625497154639
65,0.00900352577509328,0.0005476748489776966,0.05749554401946124,0.08489488971465868,0.1519416338515338,0.013070561707956006,1.0298385453681878,0.12482276188297421,0.11574935682937113,1.28348120344871,0.9549930101106285,0.9098265895953758,0.9738038670336594,0.9385863389774594,0.8603136996920456,0.9939026974864262,0.9767940776420242,0.9842806349085682,0.9700510797279487,0.577178940123293,0.7867096384831367,4.954673867864556e-05,0.871662716426207
66,0.008855615713353979,0.0005555951844539767,0.05748593734123746,0.08489625875003654,0.15179340713976686,0.013736903573830088,1.0329860165314735,0.12482047166811858,0.11574629494631061,1.2872896602224513,0.9429740354542473,0.9175977826091631,0.9749085502443856,0.9400500610273651,0.8514258351579969,0.9939690135980215,0.9770551442830663,0.984455089509105,0.9678943066025582,0.5853879888939203,0.7908829033614209,4.953251323898973e-05,0.8637741066666358
67,0.008902768095334369,0.0005504399441165002,0.057476537817336144,0.08492445235468676,0.15185419792401875,0.01348431491310892,1.0304617796892892,0.1248255446943313,0.11574509304608455,1.2845167235762245,0.945424718352747,0.9212399506179928,0.9751373185287198,0.9410547831998564,0.8560853148213186,0.9938160888719211,0.9764793465652658,0.9840642001820762,0.9684270531921318,0.5885013776131853,0.7924608133680275,4.951807034732312e-05,0.8679905151920586
68,0.00887185436050379,0.0005478793357985521,0.05747302925438746,0.08489566914578701,0.15178843198374936,0.01360737572789816,1.031719302698372,0.12482420793274518,0.11574499406908716,1.2858958585516111,0.9485107621005083,0.9190751445086706,0.9761395470075771,0.9287957640044493,0.8513432315404357,0.9938420547920302,0.9765770600404969,0.9841306163430317,0.9684127738062239,0.5886355577840557,0.7925280659317857,4.9503410146191244e-05,0.8638228630871498
69,0.00882321844427862,0.0005353976215453863,0.05746950577266391,0.0848984202638656,0.1517265412965283,0.013124510838307216,1.0295670148173761,0.12482315457928243,0.11574573411458346,1.2832603906045617,0.9403387972636116,0.929279827677008,0.9744782734334226,0.9369313298862464,0.8598135347865622,0.9938505611305021,0.9766107235581857,0.9841529837018054,0.9689211470955109,0.5858620924599061,0.791119228971852,4.948853278028436e-05,0.8712800086512482
70,0.008768193833089605,0.0005457846324529773,0.057458185707494155,0.08493613359027369,0.15170829734340063,0.013571039484017394,1.0332031718681831,0.12482366536664297,0.11575171050418942,1.287349560497943,0.9459720187102565,0.9109826589595376,0.9739037574604285,0.9254229292138976,0.8498283553968811,0.9938638092035096,0.976667995724261,0.9841901513643411,0.9698829350516932,0.5726709978953665,0.7844220724146314,4.9473438396436055e-05,0.8622358956032358
71,0.008748074099245363,0.0005340174795183448,0.05746355433519005,0.0849004698560593,0.15164611511478468,0.013585777732090173,1.03229254278213,0.12481218628442309,0.11574495262279456,1.286435426009679,0.9384916616592638,0.9179190751445087,0.9752300095737854,0.9301517492618923,0.851877005093295,0.9940821486571655,0.9774726660902581,0.9847404365586492,0.9683805336626816,0.5872209166653266,0.7918106884874928,4.9458127143621816e-05,0.8642123055413441
72,0.008929754095438239,0.000543647064754726,0.05746975711967364,0.08486816080300309,0.15181131900484116,0.013681702987269789,1.0328765562899656,0.12482256062627879,0.11574870513111717,1.2871294816335042,0.9374389960427918,0.918119392337473,0.9734092406584431,0.9211872562750277,0.8498040282928017,0.9938844955885204,0.9767439137992955,0.9842420995586911,0.9690623989972995,0.5786862643698104,0.7874776135649003,4.9442599172957525e-05,0.8621645495293659
73,0.008758975077182691,0.0005272807376393189,0.057458356762608735,0.08485335069785586,0.15159796301636572,0.013626261890246608,1.0332465883158475,0.1248191814694105,0.11574738687895772,1.2874393866740388,0.9485363640312455,0.9075144508670521,0.9730831998240971,0.9271803892742232,0.8530680824875303,0.9939677486305025,0.9770610260220557,0.9844565873501228,0.9693939504926801,0.5803136160535373,0.7883035573580071,4.942685463769799e-05,0.865069594221187
74,0.008674769658005265,0.0005278081169470827,0.057438206878748344,0.08491413122875259,0.15155491556963457,0.013355726460303731,1.0298920846775979,0.12481348498693519,0.11574602164133056,1.2838073088860638,0.9170900112410397,0.9375722543352601,0.9729701995922428,0.9350350336384853,0.857210940721348,0.9940458054586003,0.9773417836422477,0.9846500390916401,0.9688491155850911,0.5852198299726612,0.7907955677479654,4.94108936932354e-05,0.8687868666084375
75,0.008728734790292469,0.0005383910085503937,0.05744698065075469,0.08487798916902525,0.1515920958338618,0.013292934708362264,1.031076266969478,0.12481926377687155,0.11574769501182629,1.2849361407611175,0.9524924250097854,0.9039558430439516,0.9740216035451025,0.9355686295310047,0.8550413782933969,0.9939185436663759,0.9768568828595645,0.9843223989086539,0.969124169504393,0.579784358903311,0.7880355209033644,4.9394716497097853e-05,0.8669394008185675
76,0.008575367355459407,0.0005232414781131363,0.057445739891300814,0.08488899957934663,0.15143334763410807,0.013101877929028416,1.0279220688904764,0.12482310421959893,0.11574596118175443,1.281592987178716,0.9472133290405419,0.9063583815028902,0.9725413948200899,0.9444818829817773,0.8632514161586494,0.9938289127642036,0.9765205379049317,0.9840938213200655,0.969583760484055,0.5847434401044637,0.7905520691816239,4.9378323208947725e-05,0.8741804140247935
77,0.008613374102200179,0.0005149266514795048,0.05743944127086206,0.08490456668682062,0.15147230895698494,0.013569243513892876,1.0309269491997897,0.12481316452095022,0.11574665457010269,1.285055987705943,0.9352124536306929,0.9178366036011492,0.9743336493418029,0.9309221534820094,0.8542515194592589,0.9940212938724061,0.9772490903584444,0.984587237816725,0.9703544448329589,0.5810554233335267,0.7886788617428955,4.9361713990580164e-05,0.8662597324475133
78,0.008620309708529894,0.0005246945861594897,0.0574406310123332,0.08489838266529443,0.15148401816967813,0.013458736175850009,1.0310008428816604,0.12481587179928341,0.11574861715120274,1.285024040656564,0.9413599030811022,0.9098265895953758,0.9717142912773092,0.9275820008289385,0.8553298229651276,0.9939643779086677,0.9770327195576692,0.9844408924545305,0.9705473499948944,0.5768246479293191,0.7865305161282914,4.934488900592145e-05,0.8669682697963458
79,0.00861995702235129,0.0005196059345494489,0.05743586288734249,0.08491427501350923,0.1514897006905107,0.01307167550656184,1.0315354023345895,0.1248121551948276,0.1157446361259016,1.2851638384098365,0.9363880532215493,0.922543352601156,0.9737371235785608,0.9397599943343877,0.8620872041102803,0.994033625412061,0.9772991754941476,0.9846203768241756,0.968841260316493,0.5867604363471741,0.7915745797845974,4.9327848421027386e-05,0.8732521960571084
80,0.008635606003427615,0.0005201045528547421,0.05743037033870147,0.08489849792912285,0.1514845784603845,0.013211571708399586,1.0315552302388826,0.12481774470360907,0.11574656125580661,1.2853310694869275,0.9398430343093348,0.9271676300578034,0.9735850497920072,0.938401007796179,0.8609967421376199,0.9939218689402756,0.9768729746736374,0.9843324512405308,0.9689804137927479,0.5833137011609093,0.7898260220610043,4.9310592404081655e-05,0.8722555729030587
81,0.008511283861266242,0.0005041873746553776,0.05742742279742626,0.08487901175460706,0.15132190530181777,0.013646586511355632,1.032774668988133,0.12481342278173872,0.11574665990123366,1.2869813207140353,0.9378543045313713,0.92466447691136,0.9745547507187537,0.9302919758405037,0.8517157724301427,0.9939989486377739,0.9771509995290499,0.9845239677015069,0.9695192777553056,0.5821608882126493,0.7892384849453933,4.9293121125394203e-05,0.8639996702590038
82,0.008521473806518751,0.0004933382972335141,0.0574266280247951,0.08486921829887034,0.15131065777853026,0.013407354805273953,1.032227536479424,0.12481729430105881,0.11574266900033747,1.2861948275441275,0.9324661712297074,0.9283236994219654,0.9743825093423801,0.9295487552992052,0.8537558660248425,0.993934836751018,0.9769169474591379,0.9843632631320843,0.9682098324881114,0.5902218888138121,0.7933338994729916,4.927543475739947e-05,0.8658185303565964
83,0.008447460123551367,0.000507032803521793,0.05741560481154045,0.0848969207354436,0.15126701840694914,0.01350346798880146,1.0307659346229325,0.12480941566965342,0.11574747567154454,1.2848262697406256,0.9439788848753734,0.9155715738764552,0.9753605114279663,0.9327393911155503,0.857042599516868,0.99405856117898,0.9773947931125498,0.984684792199699,0.9704238191899811,0.5802073388865204,0.7882455540296629,4.925753347465479e-05,0.8688743907079779
84,0.008413928418858399,0.0005085020804729306,0.05741179416541794,0.08491731759812463,0.15125154215956974,0.013428690452226168,1.0322393284875893,0.12481318115147828,0.1157486008587464,1.2862297687647022,0.941439160839201,0.9121387283236995,0.973768762777053,0.9286952638918762,0.8553343077170268,0.9939882002011825,0.97712569590052,0.9845032994321326,0.9698418670696803,0.5760672844910043,0.7861448274854592,4.923941745383858e-05,0.8671777532230295
85,0.008461825529170658,0.0005164944899244229,0.05741011168164846,0.08490032524125866,0.1512887561011258,0.013743541792009093,1.0313833650119641,0.1248104742112168,0.11574685617462191,1.2856842067229186,0.9410376776501351,0.9225423860872947,0.9748880899731118,0.9280679470029092,0.8519498238362058,0.9940618788782236,0.9774033445924224,0.9846916872426168,0.9701530069163011,0.5807927949331277,0.7885437103841775,4.922108687374866e-05,0.8642436504498964
86,0.008452188089384253,0.0005078175102952805,0.057412083249706466,0.08490856573751844,0.15128065444898944,0.01374867023285771,1.031709322038953,0.1248108032460196,0.11574647763831765,1.2860152502958688,0.9404932522756378,0.9179190751445087,0.9748686551448772,0.9334246579478834,0.8530315524422452,0.9940245509744033,0.9772511789902093,0.9845910755806988,0.969652697609529,0.5819347278321271,0.789124974006856,4.920254191530046e-05,0.8652152627125084
87,0.008371051744366368,0.0005038611041315903,0.057405576867273794,0.08490028738288592,0.1511807767211968,0.01340487958144975,1.0296955208503764,0.12480758218969142,0.1157451923774071,1.283653150678305,0.9376388786389835,0.9212585182642052,0.9755993957136673,0.9416413788052297,0.857653657045755,0.9940982978233466,0.9775337052141759,0.9847817506429313,0.9700881252407362,0.5853144632482602,0.7908364941034216,4.918378276152522e-05,0.8694482309125463
88,0.008430013408615798,0.0005133280922476003,0.05741474839988612,0.08483909289121416,0.1511971826178526,0.013401944087021847,1.0293590565626531,0.1248078197370857,0.11574482095686241,1.2833136257700895,0.9472574347949562,0.915606936416185,0.9740540649687167,0.9309256690415328,0.858540844124524,0.9941104551459181,0.9775783536198552,0.9848122423814724,0.9698344947713251,0.5841753634468421,0.7902600235540563,4.916480959756823e-05,0.8700921662089434
89,0.008432642146768858,0.0005012539488838073,0.05739845656052267,0.08486012247199497,0.1511924745906893,0.01361567455852635,1.0319007063993815,0.12481581947618338,0.11574689691226415,1.2860790751159294,0.9466800875646396,0.9236559758905748,0.9757782222519861,0.9389718539846379,0.8576255977401797,0.9939529932009886,0.9770044531807037,0.984418296213504,0.9695399714919656,0.5798605164036836,0.7880729074722795,4.914562261068693e-05,0.8694408601913604
90,0.008392678344221543,0.0004997988264505742,0.0574039428651192,0.08489453196129267,0.1511909517131517,0.013680791028923183,1.0319264101357983,0.12480349682700571,0.11574615636616165,1.2861568226656157,0.9585365366642307,0.9086694081252664,0.9751197037317537,0.9410410027015312,0.8555721272655601,0.9941682724936981,0.9778063621464099,0.9849647121883244,0.9698958280529599,0.581071807046271,0.7886880244443286,4.912622199024917e-05,0.8675268849121794
91,0.008241363401672235,0.0004928411749449181,0.05740079073230989,0.08488158646081498,0.15101658047372848,0.013518208126955214,1.0296068901874218,0.12480983017158757,0.11574703043434008,1.2836819329602973,0.9382283216498867,0.9306339683518721,0.9759549992911396,0.9411878745418419,0.8598243306526836,0.9940101591283694,0.9772245292289126,0.9845664965532748,0.9701449882287552,0.5782475723497638,0.7872527514000716,4.910660792773122e-05,0.8714373975165293
92,0.008340468058631211,0.0005090518734345201,0.05739465276611612,0.0848684117404951,0.15111258449847534,0.013136828501187069,1.0269662124074566,0.12481223351044181,0.11574300914924807,1.280658269635878,0.9520292518270161,0.9177360083170041,0.9758106837925632,0.94298137522531,0.8655730038927635,0.9939813527123327,0.9771048179437289,0.9844878622614388,0.9698059746994443,0.5880111829751268,0.7922087006545266,4.9086780616715965e-05,0.8765967718827434
93,0.008280828633206958,0.0005026644534358742,0.05739471272303421,0.08488258669245327,0.15106079154967134,0.013469901791209743,1.0310063333827582,0.12481084521892391,0.11574586839081938,1.2850329172756867,0.9337740663352555,0.9317919075144508,0.9772009386915106,0.9330869401522958,0.8571769365550654,0.9940002590532289,0.9771769489125908,0.9845365750161514,0.9700168676700552,0.5817939819304108,0.7890552874106982,4.9066740252890955e-05,0.86917933676871
94,0.008287584699919321,0.0004846867054137213,0.057402247294396094,0.08487204169462617,0.15104656016572993,0.01383927910739839,1.0313817898682072,0.12481258449390088,0.11574455447833056,1.2857781906610593,0.9447666487078586,0.9294048786823152,0.9775513995823664,0.9395478818215055,0.8569558845692159,0.9939576288903434,0.9770174091862199,0.9844281281434153,0.9698337806901353,0.5836881194902169,0.7900157695375164,4.90464870340465e-05,0.8690154360705309
95,0.008228348277984781,0.00048737698668354246,0.05739244890022785,0.08484300277933443,0.15095117684656284,0.013148411965911095,1.02712208093773,0.12480742918623264,0.11574434998394827,1.2808222618818699,0.9371636073797115,0.9329479768786128,0.9757730194222967,0.945978549130574,0.8643659386724947,0.9940922153747334,0.9775200226986919,0.9847702665698005,0.9704335464962657,0.5840283749996066,0.7901872795034582,4.902602116007369e-05,0.8755066467474749
96,0.008141073769147801,0.0004954044215257848,0.057379822050778295,0.0848750073075224,0.15089130813771107,0.013464185045235649,1.029819384403462,0.1248094391526352,0.11574580507388706,1.2838387878361381,0.9456470244098372,0.9260115606936417,0.9756425687349396,0.9396992885078305,0.8603510425235423,0.9940357008677528,0.9772996384422955,0.984622515571077,0.9705432441370196,0.5803309340401239,0.7883097029943356,4.900534283296243e-05,0.8718801951446822
97,0.008247719673400229,0.0004922296544514932,0.05739135540863301,0.08485863221056283,0.15098993568273864,0.013792056540128031,1.0322766764376177,0.12481237591665245,0.11574220603712254,1.2866232867432306,0.9441377572312799,0.9190751445086706,0.9734402877659045,0.9283030658826201,0.8493600667008586,0.9939288376236183,0.9769205081546317,0.9843596409534803,0.9698880118479466,0.5881851014902285,0.7922975841982306,4.898445225679947e-05,0.8617680888073632
98,0.008088453467010608,0.0004822100338748444,0.05738847919389711,0.08485252058560615,0.1508116630868145,0.013823184344989053,1.0301073228127045,0.1248056190982331,0.11574339484032016,1.2844795059367209,0.9509522113625074,0.9189821137378235,0.9758428057982436,0.938248773566328,0.8552707879707084,0.9941049407964904,0.9775670854946508,0.984802474003313,0.97012107088503,0.5867416585881358,0.7915619129740381,4.8963349637766356e-05,0.867327989753462
99,0.008235633254896665,0.00048671013426837073,0.057380874167872374,0.08485003243295154,0.15095324902387938,0.013519501200313139,1.0301522654055717,0.12481081809516976,0.11574484884452861,1.284227402838529,0.9511898339124318,0.9236866586247144,0.9761467063664521,0.9444901593563217,0.8599149682469657,0.9940127723846227,0.9772185481378411,0.9845662521603019,0.9704465506152523,0.5840206923373956,0.7901809725197662,4.894203518413743e-05,0.8715381420589143
100,0.008284427847704423,0.0004728395503287337,0.05738765506809203,0.08485079299323878,0.15099571465600467,0.013681530282551493,1.0304934233021361,0.12480401788654544,0.11574459328181248,1.2847235421235648,0.9401385779392213,0.9259742992630239,0.974680401992506,0.9400768722006511,0.8569755992022863,0.9941204082436491,0.9776305116339636,0.9848441530002894,0.9695954865026227,0.5826464940695688,0.7894872589310583,4.892050910627773e-05,0.8687460794813082
101,0.008083399111497485,0.00047866581047468994,0.057370078241360103,0.08485096703166799,0.1507831098903719,0.013514973952924185,1.030669772163111,0.12480982126469803,0.11574312581324765,1.2847376668640456,0.9531732085744054,0.9179190751445087,0.9738081602559808,0.9385738110152325,0.8551926944723528,0.9939824889107037,0.9771140015394989,0.9844928411836361,0.9705703970624074,0.5878129890337724,0.7921055515805118,4.889877161664096e-05,0.8670542410507156
102,0.008097467363303436,0.00047403326570705895,0.057377430396793015,0.08485201169157634,0.1508009421416772,0.013796704449994816,1.0329240244387745,0.12480450169318218,0.11574522631785736,1.2872704331995513,0.9436924320529075,0.9300129371156771,0.9759160171606877,0.9377547475385586,0.8535354723833348,0.9940684006568739,0.9774316960962405,0.984709762341992,0.970280315537959,0.5812400662740543,0.7887728880696719,4.8876822929767364e-05,0.8657735268610701
103,0.008016077319499167,0.0004775658503491827,0.05737513094154092,0.08480396215312941,0.1506727364609991,0.013338210851110085,1.0298023053447198,0.12480648941186502,0.11574437558637968,1.283691352574613,0.950831294563419,0.916605628695546,0.9738941578697412,0.9406210402871854,0.8582996245407536,0.9940543420956955,0.9773762901486734,0.98467290511789,0.9695865989622657,0.5829624478375417,0.7896477456227622,4.885466326228163e-05,0.8698590778736524
104,0.008103715370169209,0.00047595991662771744,0.05738087638719426,0.08485276768772244,0.15081331937025624,0.013892329467320729,1.0320182559294644,0.12480286147321915,0.1157462884709369,1.2864597126659507,0.9456857575940536,0.92592304179719,0.9769585250965044,0.9364245237424902,0.8521801668856668,0.9940837090362615,0.9774881403106616,0.9847483153595354,0.9702589596971491,0.5780957336742405,0.7871772378744306,4.883229283289072e-05,0.8646580027067505
105,0.008061235456883765,0.0004695460127213042,0.05737081802412691,0.08483475798974364,0.15073635716246656,0.013537353813960292,1.0304521135260305,0.12480380057144332,0.11574497711674081,1.2845382134951846,0.9432346615416216,0.9248554913294798,0.9760254363357073,0.940346148275196,0.8585086307083236,0.9940889279741126,0.9775119761885546,0.9847636464587282,0.9707284608240611,0.5807700989021036,0.7885326688766838,4.8809711862381745e-05,0.8702603112710621
106,0.008033606946891076,0.0004686380045633787,0.0573723900525987,0.08484267562530917,0.15071731009663702,0.01368403092936904,1.0303906921067163,0.12479957633929727,0.11574249066100382,1.2846167534849822,0.9448994559764643,0.9317758954035505,0.9768506560865299,0.9377874293263821,0.8555827284949012,0.994188458951425,0.9778808429553194,0.9850152995730179,0.9697112714010291,0.5887164529310949,0.7925669445036058,4.878692057361977e-05,0.8677095212540641
107,0.007940696725890425,0.00045655530042963975,0.057366073985824065,0.08484596311913949,0.15060928921891162,0.013593990716426573,1.0311719457017188,0.12480194160607473,0.11574626347638446,1.2853141203392655,0.9424818735619941,0.928214401082244,0.9749072520456995,0.9341062061729581,0.8552892332383173,0.9941098264494862,0.9775806428326904,0.9848125628066253,0.9707663294477803,0.5794097711577298,0.7878425907878933,4.876391919154561e-05,0.8672510351190555
108,0.007950524751176222,0.00048153441249619686,0.05736625560033124,0.08488429197491132,0.1506826062433545,0.013589837944320355,1.028878947019993,0.12480195471285525,0.11574640218005963,1.2830171214764448,0.941436335995522,0.9292160969241607,0.9755172468952359,0.9379278865718742,0.8549501594177118,0.9940961996436886,0.9775220181433496,0.984774434554727,0.9712901709655082,0.5781992087801147,0.7872251428798985,4.8740707943173624e-05,0.8670068681654642
109,0.008068336087761191,0.00047007170710580557,0.05736224835927887,0.08484371748244297,0.15074437367014287,0.013683121251186153,1.0318213349986451,0.12480044024256928,0.11574439062732052,1.2860492640556882,0.9341123073089207,0.9398843930635838,0.9756888567265616,0.94080027438991,0.8542934550403473,0.99413636046878,0.9776818441975498,0.9848809905814877,0.9709320545592472,0.5829342989547612,0.7896301914428002,4.871728705758946e-05,0.8664329952089688
110,0.007952652641221988,0.000469050074995762,0.05736107210987567,0.08484704204423278,0.1506298167133444,0.013676028678138434,1.031064413713119,0.12480688178310427,0.11574603458232592,1.2852933296566442,0.9400652867203879,0.9247699229104068,0.9741934055549916,0.9295966249755909,0.8530337623081609,0.9940036070510957,0.9771950487586919,0.9845474835906374,0.9715309340751155,0.5799910713293625,0.7881330609302093,4.869365676594779e-05,0.865149726632844
111,0.007942573883291115,0.0004771652026872544,0.057361072673512974,0.08480849407886289,0.1505893059162947,0.013504280573826606,1.0310897502266712,0.12480052560567856,0.11574481098699736,1.2851393374681057,0.9379113012762129,0.9255696880853431,0.9728218793040405,0.9397155714582182,0.8552335067720733,0.9941195750315106,0.9776166885559645,0.9848370408319607,0.9707290845220691,0.580523215901524,0.7884061143430032,4.866981730147008e-05,0.86699234402527
112,0.007955670483568884,0.0004632973404993119,0.05736445652290157,0.08484720767654003,0.150630631486293,0.013537831999244491,1.0303586230852222,0.12480395254768419,0.1157438254656748,1.2844442054239242,0.939980906641173,0.9294797687861271,0.973709361738699,0.9283297780808246,0.854313715950241,0.9940433891433975,0.9773406609332256,0.9846472176732196,0.9706269110802815,0.5836446105428555,0.7899906849862915,4.8645768899442196e-05,0.8662532805290868
113,0.007961954580131152,0.00046658051537072404,0.05735577184081641,0.08485974686277532,0.1506440533461582,0.013492595111304347,1.030952235250157,0.12480433928872903,0.11574330448740232,1.2849924352156554,0.9341709592639384,0.9351206545994043,0.9725726345659245,0.933277789734341,0.8559042351087299,0.9940568493067679,0.9773762980669986,0.984675045120553,0.9698125823909682,0.5849757302969049,0.7906678240416485,4.862151179721217e-05,0.8675710750544494
114,0.007911189780449473,0.0004588500420886574,0.05736409426263884,0.08485249308847226,0.15058662754705893,0.013722482919692993,1.0302477201824622,0.12479581074044759,0.11574267968535423,1.284508678717555,0.9428973037952846,0.9162902527249726,0.9734534617280466,0.937462521379373,0.8554396722646205,0.9942119403844288,0.9779468856572983,0.9850653321722186,0.9702869560540746,0.5854658164649698,0.7909158533351862,4.8597046234187806e-05,0.8672410512109631
115,0.007894849679994246,0.00046782937763923754,0.05735090208497453,0.08484582239695897,0.15055940305510312,0.013971808883532184,1.0328668995802315,0.12480617799579993,0.11574163491696275,1.2873865068478942,0.9417236070636497,0.9153999050146202,0.9723995737560462,0.9274571946349619,0.8503345382789348,0.99400759132005,0.9771940673657143,0.9845503905249704,0.9699784238086296,0.5878604130872841,0.7921317786933321,4.8572372451834336e-05,0.8625410418266459
116,0.007952931144276976,0.0004652129682595565,0.05734285424258692,0.0848393305171783,0.15060032837216172,0.013952199586815024,1.0334725607294475,0.12480248850209551,0.11574226961085933,1.28796949020439,0.9364833423508026,0.923699421965318,0.9712630314979723,0.9284076883142958,0.8438375165696129,0.9940637725421758,0.9773893256657099,0.9846866243544187,0.9707405324843131,0.5858390753331841,0.7911052552461799,4.854749069367202e-05,0.8565800680624488
117,0.00785159785414982,0.0004499537525060046,0.05734498877228011,0.08484127190862353,0.15048781171194486,0.013737373836793612,1.0325950573293743,0.12480208563763018,0.11574550963171074,1.2868799824157102,0.9495792008916087,0.9144388288779192,0.9715227798303779,0.9284305363643346,0.8514336914466977,0.9940911246242973,0.9774994272620297,0.9847599164198556,0.9711700686696761,0.5785621819099247,0.7874097827676717,4.852240120527378e-05,0.8634426002850657
118,0.00786104275120629,0.00045317951928885856,0.05734816559944874,0.08486640536783364,0.15052879237114114,0.013911219082161608,1.0325053319215363,0.12479851644544701,0.11574177910780199,1.286956811866627,0.9431887776998603,0.9248554913294798,0.9732661415870163,0.9282848036961047,0.847801037002883,0.9941450940469266,0.9776871221609877,0.9848906934139016,0.9707481398104947,0.5864716739330371,0.7914253104231027,4.849710423426272e-05,0.8603475474612963
119,0.007756366946736691,0.00045316769113988754,0.057342159770975155,0.08483631099325475,0.15038800482631576,0.013887698471442155,1.0304747770885314,0.12479957770458691,0.11574317100108399,1.2849051941959855,0.9436370318560784,0.9317919075144508,0.9744645988056696,0.9356702289093841,0.8512898283025125,0.994102895639422,0.9775296972532211,0.9847836372831427,0.9710044497546344,0.5844591793429834,0.7904007625664532,4.8471600030309744e-05,0.8636073053528283
120,0.0077786919693011184,0.0004539407066225869,0.0573375841105097,0.0848501999146937,0.15042041647236962,0.013945145944026132,1.0333163570650379,0.12479579222451954,0.11574377856472504,1.2878010624574325,0.9464207615420703,0.922543352601156,0.9730089698996086,0.9258981228457281,0.8486405996870724,0.9941811569832266,0.9778216617917854,0.984982465731166,0.9705055916908883,0.5829925016076279,0.7896603805417614,4.844588884513106e-05,0.861077436708326
121,0.007798656676114312,0.00044570227191028283,0.05733050410382573,0.08485353235199378,0.15042839504020997,0.013502512281893852,1.0297158934641468,0.12479822414343686,0.11574297838797223,1.283759587514255,0.9432533001965434,0.9248554913294798,0.9748492180963071,0.9332132047617752,0.8560947173102939,0.9941206960805703,0.9776047397111457,0.9848327241394861,0.9709525579122716,0.584805221086991,0.7905787492573112,4.841997093248566e-05,0.8679701673888952
122,0.0078061721384102565,0.0004413912383658944,0.05733813285545818,0.08483027800450864,0.1504159739536033,0.01412970451576339,1.0319349155126443,0.12480146931988198,0.11574099152097007,1.2866070520191293,0.9465236000018892,0.9248554913294798,0.9727439610763732,0.9290995513984355,0.8485146926629593,0.9940867919211753,0.9774795273389077,0.9847470657827804,0.9703015366959715,0.589202053087594,0.7928117403191672,4.839384654817289e-05,0.8609376195043007
123,0.007722859491129571,0.00045001940216085335,0.0573306161883875,0.084849178271443,0.1503526729049412,0.013710477090006723,1.031143618145954,0.12479787213275986,0.11574496145166756,1.2853968998524532,0.9473001008903449,0.9143541055971433,0.9731466246281999,0.9274518440842695,0.8496115790638757,0.9941486389858439,0.9777237951067446,0.9849104842259202,0.9711440391883527,0.5817655562464009,0.789035402583554,4.836751595002988e-05,0.8619650836203081
124,0.007718531358326582,0.0004416878044112073,0.0573328595969553,0.08488044386892525,0.15037352213059194,0.013213650531169633,1.0310898976217808,0.12480463374919708,0.11574209647587977,1.284850253484636,0.9507793966341588,0.9155890459236871,0.9738049537584631,0.9327533384552252,0.8573802583562078,0.9939913664073106,0.9771517469611724,0.9845172716530639,0.9711159169758353,0.5862141449378112,0.7912928110863683,4.8340979397929e-05,0.8690227278964333
125,0.007779752314795281,0.00044280337544056825,0.05733301222817554,0.084825314288567,0.15038088245876574,0.013839249573452936,1.0330960570330394,0.12479983463909405,0.1157453270957368,1.2874804537541786,0.921473202702708,0.9398843930635838,0.9733003058373227,0.9231059782847142,0.8458115168569315,0.9941096446577468,0.9775954228515296,0.9848188772046179,0.9718518695020556,0.5780177714629796,0.7871321065389066,4.83142371537753e-05,0.8585603957549706
126,0.007622840057873556,0.00043600932477002446,0.05732385789530779,0.08485199454247105,0.15023470210268142,0.013672397105481612,1.0310023684942702,0.1247987626916867,0.11574390647936138,1.285217423297556,0.9392661266876642,0.930635838150289,0.9764729011881185,0.9292691145342141,0.8555306103208904,0.9941026305264693,0.9775452489824904,0.9847903642416953,0.9708578401316628,0.5822912085711709,0.7893038550648787,4.8287289481503954e-05,0.8676248394076131
127,0.007774448332775287,0.000441015285503639,0.05732200649648412,0.0848586177013057,0.15039608777273913,0.01357036700735542,1.031223814000634,0.12479983354686235,0.11574058003567589,1.28533455651468,0.9495808879183787,0.9190751445086706,0.9747433449520883,0.9267151467301185,0.8552465658964167,0.9940982978233466,0.9775294087702657,0.9847797077052427,0.9704510182338402,0.5884421192329626,0.7924253975776683,4.826013664707759e-05,0.8671962438019838
128,0.00773074119930854,0.0004419709327267417,0.05732465415629371,0.08486081434999446,0.15035818069820991,0.01364934497478745,1.0306070705234065,0.12480300824835662,0.11574347295764228,1.2848028618627818,0.9528391793635385,0.9109337217012555,0.9705944700622133,0.9352501963327184,0.8545485313976477,0.9940428816414584,0.977334664150135,0.9846441242879702,0.9710245025619237,0.5823974012252996,0.7893568857236094,4.823277891848372e-05,0.8661531252641044
129,0.007688559984202645,0.00044110463073490316,0.057322203487721456,0.08483733587741993,0.1502892044560002,0.013469167195689614,1.0297905056139562,0.12479601054083407,0.11574324842925991,1.2837989111845407,0.936934854772206,0.9283236994219654,0.9744902258214634,0.9416347091795076,0.8556068505143746,0.9941758547241617,0.9778120748752684,0.9849735753049964,0.9711113820963347,0.5830062149561779,0.789664937082476,4.820521656573209e-05,0.8674951880450835
130,0.007773273122226089,0.0004457519486123786,0.05732594547577502,0.08487768932719039,0.15042265971360758,0.013214217857124502,1.0289917045446795,0.12479839107284996,0.11574216312151825,1.2827464489828646,0.9443676100380808,0.9223488409041547,0.9745011107454487,0.9355548413635264,0.8598979844283189,0.994105728560694,0.9775625547100381,0.9848008749327719,0.9706785302588389,0.585329230331495,0.7908453197010813,4.817744986085198e-05,0.871358297060032
131,0.007654252273534765,0.0004373292077165403,0.0573140998012067,0.0848350030728935,0.15024068398537646,0.013897486078385486,1.0311960681695587,0.12479272135005155,0.11574180457370443,1.2856280653888643,0.9377919819014241,0.923699421965318,0.9706313977961585,0.9259372839002099,0.8480529019587747,0.9942393985117316,0.9780585657236484,0.9851392360915875,0.9706160600727474,0.586379459702925,0.7913762695548493,4.814947907788958e-05,0.8603107515425131
132,0.007693674899725766,0.00042772903853485777,0.057322984160613225,0.08483856361376972,0.15028295202739977,0.013599476792425387,1.032917189939276,0.12480270627229417,0.11574259392241013,1.2870619538358785,0.9354897233450504,0.923699421965318,0.9682295800851077,0.9332140371666506,0.8519386815905117,0.9940119543217956,0.9772191115728058,0.9845654280415923,0.9710167663790092,0.5838874125926662,0.7901112809497542,4.81213044929052e-05,0.8635677714399713
133,0.007624288059013678,0.00043464372035811703,0.05731845855818573,0.08480914634372819,0.15018653644173985,0.013914300409287057,1.0329550848623015,0.12480268900463094,0.11574002054648354,1.287412067982539,0.9348400454934902,0.9294797687861271,0.9691001879298914,0.9264648271601266,0.8478156388342104,0.9940474643082217,0.9773501482398124,0.9846551177149395,0.9699485598135958,0.5904608534745157,0.793450205184166,4.8092926383970646e-05,0.8599440937437784
134,0.007655363495750064,0.0004396034126339508,0.05731439618635967,0.08481259927391371,0.15022196231440732,0.01343949562383988,1.029587330709993,0.12479987549376113,0.11574299764505752,1.28356966797594,0.9504620806336918,0.9109826589595376,0.9699726148200768,0.9359626815715762,0.8579521998425248,0.9940791718174324,0.9774655420626451,0.9847342088881779,0.9707249999779424,0.5825157716201963,0.7894170132044332,4.806434503116638e-05,0.8691542413402801
135,0.0075877366815616555,0.0004259593574325808,0.05732414019833502,0.08482382391925117,0.15016165992187833,0.013642712224008315,1.0304719644649698,0.12479133936487151,0.1157418023307286,1.2846477780666652,0.9505972232596126,0.9120381054065028,0.9713886925668052,0.9368322425702235,0.8544119655748752,0.9942822937875705,0.9782202167950415,0.9852489639734501,0.971334147662073,0.5858302331491715,0.7910965401125717,4.8035560716578816e-05,0.8661096382740683
136,0.00754195998464634,0.00043911172037429,0.05731887306058097,0.08482990994934987,0.15012985344615107,0.01345569303938648,1.0304579862957435,0.12479420460071447,0.11574182631756727,1.284449670951404,0.9319043757435329,0.9260115606936417,0.9703448437282158,0.9268832498167107,0.8516248535273924,0.9941826340411095,0.9778289525469905,0.9849869012234141,0.9706496507809202,0.585131604602142,0.7907439910337419,4.800657372429752e-05,0.8634968525474748
137,0.007472948825105705,0.0004315422772128245,0.05730266436652653,0.08481516621029335,0.15002232092492124,0.013683799349200665,1.0314847341008206,0.12479028673956323,0.11574242517586154,1.2857012211964391,0.9241262419436457,0.9293249727912857,0.972508279015607,0.9292953638007566,0.8520220373540516,0.994274029838084,0.9781816837739978,0.9852244587920368,0.9714296146322278,0.5832147832167976,0.7897713684394063,4.7977384340412406e-05,0.8640706615202072
138,0.007642207459918717,0.0004340279178944881,0.057310002827334346,0.08486207080322447,0.15024830848330864,0.01365771721274857,1.031025874485728,0.12479635205828499,0.11574105009839693,1.2852209793959612,0.9698791140185313,0.8947976878612717,0.9694007634401095,0.9281086701492571,0.8475014153418787,0.9941495630938529,0.9777351276765813,0.9849160492005471,0.9712346546621135,0.5860008464548044,0.7911848598283183,4.7947992853010906e-05,0.8596913501517018
139,0.007552695436398754,0.0004418444153071153,0.05730214309008973,0.08484236863893116,0.15013905049215817,0.01407854939110408,1.0330608190832755,0.12479327828420186,0.11574173473588875,1.287674353592891,0.9463459526445692,0.9179190751445087,0.9708987745092177,0.9271953442372936,0.8432168853242619,0.9941952609923401,0.9778959344070081,0.9850278972451549,0.971024208040667,0.5849311630233498,0.7906406688277087,4.791839955217513e-05,0.8559850742427575
140,0.007465375081303554,0.00043736942244548306,0.05731221126396887,0.08481245939939087,0.15002741536068295,0.01424705816709142,1.0336913645745986,0.12478728986379364,0.11574383438881779,1.2884695282365224,0.944060112681079,0.9179190751445087,0.9721216697691181,0.9272827076898618,0.8441085118836279,0.994309880684022,0.9783108759831686,0.9853134094121442,0.9715099867968015,0.5792780916322143,0.7877700666803213,4.788860472997902e-05,0.8569098276721769
141,0.007530154522429118,0.0004302331415086492,0.05730861922985837,0.08482183990493664,0.1500908454822874,0.013692682438495895,1.0320800509627577,0.12479759951692601,0.11574287565317766,1.2863131778194434,0.930991853815557,0.923699421965318,0.970694322735643,0.9287560725564349,0.8508730879164041,0.994093646984681,0.9775179326687721,0.9847703081537303,0.9717284879363752,0.582005619043822,0.7891538062896053,4.7858608680485444e-05,0.8628552113983281
142,0.007552365821304052,0.00043962127518076106,0.05731197824397831,0.08483169328456582,0.15013565802968704,0.013354469357776809,1.0318418364999182,0.12478900943959155,0.11574116569291963,1.285726450708732,0.9484698312841469,0.915606936416185,0.9713477969363828,0.9305464055835433,0.8548493588275325,0.994274870624879,0.9782019748079114,0.9852342866264865,0.9700614432330813,0.586027847715416,0.791199662929268,4.7828411699743284e-05,0.8664992026384176
143,0.007545818328575602,0.00043430291411266514,0.057306796056934,0.08482213420947533,0.15010905121376047,0.013608226211283218,1.0301326875536856,0.12479674892847867,0.11574322387029988,1.2842808743421945,0.9351743150683388,0.9339367236382244,0.9718299757398943,0.9376832121863186,0.8558283320673917,0.9940992219313552,0.9775500525055524,0.9847894897750296,0.9717452339351859,0.5796066952878203,0.787939274553687,4.7798014085784567e-05,0.8674284964346419
144,0.007511582150526927,0.000439230217235097,0.05729485899386113,0.08484670302740366,0.150092374418926,0.013546218054456863,1.0299787790987505,0.12479342135355319,0.11574228710282015,1.2840606727317159,0.9463957085497626,0.9190751445086706,0.9715122813247906,0.9379656151169709,0.8575400169632795,0.9941702949267983,0.9778098577814007,0.9849677784361971,0.9713212351250408,0.5818212108821664,0.7890626500570781,4.776741613862146e-05,0.8689372433994307
145,0.0074374521920021535,0.0004349590626591486,0.05729820718438349,0.08481830232127198,0.14998892097608418,0.014138423086877065,1.034211502341492,0.12479318060748032,0.11574231507825498,1.2888853891149656,0.9477420443250257,0.9260115606936417,0.9730915209286486,0.9269989748514067,0.8464044027462547,0.9941771272663366,0.9778305179057072,0.9849828511754152,0.9716258545199602,0.581953591440761,0.7891295073282806,4.773661816024335e-05,0.8590731145644941
146,0.007443813026374111,0.0004235723321425155,0.05729826327510196,0.08483478369688875,0.1500004317179921,0.013587893364109083,1.030503000921812,0.12479298041701109,0.11574066206682831,1.284624502088803,0.9302294397052396,0.9283236994219654,0.9720610335281996,0.9348751721015015,0.8568415809646345,0.9941912691487297,0.9778753654086618,0.9850153407808274,0.9705146842205402,0.5864865283093889,0.7914320971979556,4.770562045461385e-05,0.868363526220991
147,0.007447485998449032,0.00041662598667274384,0.05729730076753219,0.08482101483239703,0.14998242773344614,0.013478493751863748,1.0304459752587125,0.1247910886456829,0.11574229769031623,1.2844578237849797,0.9464179007318091,0.9188819452729553,0.972578316473371,0.937808947982057,0.856566817307078,0.994228377387532,0.9780069650213272,0.9851065136264913,0.9714188351385437,0.5827788476083255,0.789549466568048,4.767442332766781e-05,0.8681679672237074
148,0.007443941163678539,0.0004216756410984848,0.05729120947755257,0.08483128302926572,0.1499881085633668,0.013648904801247221,1.032629445926473,0.12479050863163633,0.1157424914184145,1.2868113380452102,0.9409656367233107,0.922543352601156,0.9720529064902647,0.9260895921832257,0.8518092176480335,0.99424261774045,0.9780568004434164,0.9851412278304051,0.9713668473356258,0.5815594718580581,0.7889294427964288,4.7643027087308265e-05,0.8638335865322567
149,0.007486195433224352,0.0004317977867721103,0.05729854046135929,0.08479700986093382,0.15001354333074943,0.013384275769271982,1.0294285016284568,0.12479435233805608,0.11574559545641794,1.2833526879288972,0.9471703016283602,0.9119826738135792,0.970335268745058,0.9277840032498222,0.8536318983303198,0.9941230820971497,0.9776225164924869,0.9848426054784297,0.9725810894827778,0.5747148506889168,0.7854513594932243,4.7611432043403436e-05,0.8653022353717937
150,0.007326070426767319,0.00042425484733378646,0.05729433622026275,0.08480977604108429,0.14985443718608107,0.013910911135232466,1.032505666123635,0.12478717606365161,0.11574172140155996,1.2869454505763962,0.9384765409903917,0.922543352601156,0.9711835574026616,0.9277116874234945,0.8483706314276642,0.9942972385834785,0.9782651151195452,0.9852817010765931,0.9713676263827546,0.5835935559718756,0.7899617162606984,4.757963850778365e-05,0.860651924025164
151,0.007515620043937194,0.0004264995442531633,0.057294137520499826,0.08483250154926492,0.15006875829775565,0.013745667918814415,1.0318980484940825,0.12478981167078018,0.11574181494665499,1.2861753252788364,0.9307140462287697,0.9329479768786128,0.9729567016168448,0.9294085939066052,0.8508336131313372,0.9942273093610625,0.9780173754616318,0.9851100681234374,0.9714292550347549,0.5837390116474636,0.7900336093187442,4.7547646794238276e-05,0.863045921979888
152,0.00738700032093282,0.0004238672122517798,0.05728923370863529,0.08482247836949484,0.14992257931553726,0.014493961100178861,1.0330393651725938,0.12478967996583976,0.1157403366337896,1.288063319565738,0.9294597714072284,0.9317919075144508,0.9703392177178518,0.9298223042692224,0.8435831583419213,0.9942392697425829,0.9780436497850549,0.9851319522034389,0.9708096700888393,0.586982389079555,0.7916841403129034,4.751545721851261e-05,0.8562587642795144
153,0.007503825769920438,0.0004284432049550068,0.05728358702280561,0.08480477138878183,0.1500206277584635,0.013912086226761237,1.0322329625367703,0.12479535872555528,0.11574531809132657,1.2866856904138029,0.9334007988803893,0.923699421965318,0.9711405620928953,0.9303913940096624,0.8479664145723657,0.9941300432058364,0.9776606535410372,0.984865754231647,0.9724025268137656,0.5753771976182855,0.7857870082358874,4.748307009830476e-05,0.8602838293244186
154,0.007412388498056026,0.0004305745143857267,0.0572954436794945,0.08481123035082298,0.1499496364776688,0.013971874450721872,1.032227361922073,0.12479522769675828,0.11574128055603716,1.2867357397994863,0.9461071990218929,0.9132843243893642,0.9727271866012689,0.9259783793729194,0.8475130143337791,0.9941172041642427,0.9776094159259068,0.9848317035356916,0.9709899013795938,0.5841851212820777,0.7902625059990503,4.7450485753262525e-05,0.8600344315605281
155,0.007427481085977937,0.00042486114784124024,0.05729282059955541,0.08484753711593841,0.1499926996005624,0.013859688806076112,1.031517983481522,0.12478945811277492,0.11574202310131379,1.2859091228215482,0.9398524525849449,0.9212889761725531,0.9705123158319587,0.9291132119044161,0.8473945076226886,0.9942274457048673,0.9780014998371686,0.9851030460171211,0.971451998859239,0.5827414889912773,0.7895279025112656,4.741770450498024e-05,0.8597062884436156
156,0.007364077176326273,0.00042157951733603853,0.057286092549139724,0.08480930114363103,0.14988105041338196,0.0140842632411038,1.0335219894861882,0.1247905264844237,0.11574183595586197,1.2881386003361115,0.9297963356470828,0.9339891520498317,0.9720087687938213,0.9282547686735567,0.8451125915571612,0.9942172729421174,0.9779602620851461,0.985075620617678,0.9715515947309087,0.5836090675479405,0.7899677916031301,4.738472667699561e-05,0.8578022092808273
157,0.0073421621167631505,0.0004237812398173287,0.0572809937980299,0.08476388607896318,0.14981082324863326,0.013835132228142307,1.0322659433574575,0.124792970300865,0.11574315001138114,1.2866371749375296,0.9506419574621983,0.9132947976878613,0.9709447598666605,0.9291215978021737,0.8484704405730016,0.9941710523923798,0.9777833242839634,0.9849561966666606,0.9718496638646179,0.5806015131629423,0.788441049064357,4.735155259478645e-05,0.8607178725023675
158,0.0072634351366237,0.00040600981748273155,0.057281189283298825,0.08481360878795385,0.14976424232442329,0.013676400857654121,1.032068605273182,0.12478430934549418,0.11574181336031847,1.2862710996448057,0.9310577138765379,0.9260115606936417,0.9696932463978352,0.9272007440344612,0.8501314202811621,0.9943248936518326,0.9783600714883867,0.9853484385918756,0.9718503290369629,0.5829670451481201,0.7896432975587694,4.731818258576759e-05,0.8620876028928295
159,0.007290016710053661,0.0004176034101111106,0.05728604552065227,0.08485483749600096,0.14984850286028345,0.01376902937264967,1.0317602037093607,0.12478080646737916,0.11574469882195221,1.2860547079465776,0.9474555192929256,0.9172093001884856,0.9733255066183554,0.9354394091230334,0.8525700224537516,0.994445194335369,0.9787991291163518,0.985649272075092,0.9719623521034396,0.5769542929943169,0.7865887686925247,4.7284616979287515e-05,0.864645570870212
160,0.007319454198469795,0.00041013805600803496,0.057282472500493904,0.08480137561714325,0.1498134406393583,0.013718882558857583,1.0309188262247082,0.12478527389011666,0.11574099925110998,1.2851639520019345,0.9401997459666238,0.9269819013877292,0.9720323773089564,0.9313258631675143,0.8511716211303659,0.9943087066123716,0.9782960855217752,0.9853054350902003,0.9718121712445169,0.5838253704053262,0.790078963410854,4.7250856106625244e-05,0.8632576967482251
161,0.0073901715008079585,0.0004074532399504461,0.0572874097519028,0.0848150095851744,0.14990004421548642,0.013768293341625016,1.0325279555395634,0.12478998214994634,0.1157433000469603,1.2868295030027992,0.9289563134440172,0.9372285539276288,0.9714211145295503,0.9306019010099802,0.8487189308257005,0.9942253172265857,0.9780098733020681,0.9851052263527554,0.9729530383871361,0.5790630898061693,0.7876560786061279,4.7216900300986936e-05,0.8609891491960855
162,0.007269786458207079,0.0004105213560586704,0.05728217861648147,0.08480337954811029,0.14976586545894613,0.01340094753376893,1.0288274812282276,0.12479139928158249,0.11574424641047577,1.2827640474362731,0.9360800765416767,0.9329479768786128,0.9743098394309713,0.9383459136605485,0.85563415062579,0.9941752639010086,0.9778327971374713,0.9849821500012766,0.9726357127158956,0.5771443196645608,0.7866824552074455,4.718274989750269e-05,0.867501719506308
163,0.007256917484263153,0.0004009528710874543,0.05727723980626316,0.08479867598160784,0.14973378604185497,0.013767644834768084,1.0307452780039525,0.12478824102857766,0.11574319453932748,1.2850443193425682,0.9234222740608008,0.9340209488050629,0.9696034239556358,0.9304232231614724,0.84810586286359,0.9942637434554974,0.9781520385627489,0.9852024887953407,0.9722947103074163,0.5800948200188599,0.7881831416217703,4.71484052332232e-05,0.8602556189727947
164,0.007310482405883476,0.00040740837230749993,0.057284841503305074,0.0847784532828534,0.14978118466288204,0.014119899445595328,1.0318800336694631,0.12479616982462519,0.11574261297145128,1.286538685803638,0.958535330539017,0.9086418661473317,0.9700228409333838,0.927793538351487,0.8461974659139978,0.9940673629290286,0.9774151574021197,0.9847016252476248,0.9719390632329092,0.5802856167767594,0.7882788286876724,4.711386664711646e-05,0.8585800034159363
165,0.00735471580186352,0.0004101502008507156,0.05728373518015476,0.08480189037652373,0.14985049087950525,0.013917653815492492,1.0311973850057181,0.12478857763098589,0.11574337131833011,1.2856469549641767,0.9529644410884697,0.9144508670520232,0.9723508127677385,0.9297621671385303,0.8474398656183725,0.994219757429222,0.9779748192536593,0.9850848231908758,0.9722482747429192,0.5788365351889871,0.7875446463980381,4.7079134480064326e-05,0.8599309603333091
166,0.007268443995333729,0.0004097350274628779,0.0572793061886837,0.08479625157721288,0.14975373739328227,0.013877144223940516,1.0323076139653122,0.12478831575543052,0.11573906373200096,1.2867121140994326,0.959147232532813,0.8982658959537573,0.9694016221606347,0.9259668823383438,0.847294311871987,0.9942409816147952,0.9780422493287265,0.9851334978347239,0.9714275481149239,0.5888296637785688,0.7926186775698192,4.7044209074859305e-05,0.8595050429008518
167,0.007302302739298932,0.0004130690804645241,0.05726941018838691,0.08478118367625255,0.14976596564547673,0.013713447712686882,1.0340174703281793,0.12478935908376651,0.11574034946101082,1.288260596168811,0.9420087628963105,0.9201795333818751,0.97001312362608,0.9273196443224385,0.8499927500928621,0.9942106829915651,0.9779389354065138,0.9850608465712867,0.9716554263061411,0.5852950321894285,0.7908259315856037,4.7009090776201026e-05,0.861994787446184
168,0.007172283511917078,0.00041065491489343883,0.0572724965693821,0.08481368263324736,0.14966911686932224,0.013721545795287556,1.0310041284477942,0.12478886395172716,0.11574271562172793,1.2852572277578385,0.945975203375219,0.9109258972489601,0.971136544684839,0.9319723034422145,0.8531859053429299,0.9942266200673844,0.9780033408073211,0.9851033644602345,0.9721442114620823,0.5803830622669387,0.7883326433548904,4.697377993069293e-05,0.8649809692771209
169,0.007257252251002807,0.00040181271375176796,0.05727240494309306,0.08482793098135057,0.14975940067999188,0.013875341711868164,1.0312654325475246,0.12478578155681518,0.11574198851722697,1.2856684979343913,0.9302411281609527,0.9271676300578034,0.9679749296881363,0.9292371365091912,0.8475972663043333,0.9942897851221643,0.978220167126778,0.9852551466299531,0.9712984193722645,0.5812704863120577,0.7887853265332878,4.693827688683879e-05,0.8596350326427136
170,0.00718843789247193,0.0004013412875557062,0.05727284062592132,0.08479930148030637,0.14966192108801352,0.013895359034105539,1.0329560336767063,0.12478412552549785,0.11574215857705417,1.2873776549860236,0.9481080829000221,0.9082609329095312,0.9710865355999914,0.9236369691348065,0.8452928892038463,0.9943253026832463,0.9783674907972462,0.985352035395783,0.9712248611316198,0.5825822657361194,0.7894491398932776,4.690258199503934e-05,0.8578722538434609
171,0.007245211799939476,0.0004106363846565956,0.05726981226434099,0.08481768293891886,0.14974334286459795,0.01389626810896043,1.0325796600661357,0.12478664513501822,0.11573983540020584,1.2870023735322669,0.9474625441105311,0.9190751445086706,0.9688308781174395,0.929401915994659,0.8458698738314444,0.9942363232014743,0.9780296959697974,0.9851235893595571,0.9711733815792088,0.5866032760590328,0.7914898323763356,4.6866695607588737e-05,0.8581659742600439
172,0.0071588945064702475,0.00040308149791285245,0.057266885040429184,0.0848049679330724,0.14963382919347595,0.013736872006253214,1.0324624260973971,0.12478124745593229,0.11573994754899755,1.2867204654071136,0.9176037447302766,0.9398411953512895,0.9692255524994903,0.9300403615794239,0.8481722560890261,0.9943551771257516,0.9784768841927435,0.9854273396800851,0.971784991908381,0.5859680380598592,0.791164806383329,4.6830618078671134e-05,0.8602775857300726
173,0.007157149110561852,0.00040939482673121955,0.05725866333354731,0.08481977690433991,0.14964498354047184,0.013424400470851805,1.0308680152560197,0.12478726301309742,0.11574204210809597,1.2848216917294275,0.93712516247591,0.9132307356609405,0.9677050926719134,0.929938743644535,0.8543478586256613,0.9942201588859799,0.9779622107565585,0.9850792615110647,0.9718856825149904,0.5810441591543873,0.7886665055926556,4.679434976435718e-05,0.8656835820302865
174,0.007211701424691131,0.00040221886726946125,0.057260407077646146,0.08481945448618902,0.1496937818138312,0.013627940982216109,1.0303538905970924,0.1247843872190146,0.115739205579093,1.2845053857949809,0.943597001670172,0.9179190751445087,0.9699951883139554,0.9365790022002805,0.8513530366742753,0.9942953449195266,0.9782425014693422,0.9852698636035768,0.9713486781579833,0.588139230935627,0.7922676018547018,4.6757891022600496e-05,0.8632172518382434
175,0.007160763126174896,0.0003984756149069778,0.05726189397927153,0.08482235943982223,0.14964349198003188,0.013641269928913886,1.0299507705661848,0.12478677421340144,0.11574153369698953,1.2841203146163913,0.9245676989238996,0.9352101550543388,0.9711224671247757,0.9350403767416808,0.8535107037393225,0.9942609635568163,0.9781331245169248,0.9851915266444844,0.9718739647235114,0.581821800774798,0.7890586300208162,4.6721242213234145e-05,0.8652718800778678
176,0.007179551893937676,0.000400163336496263,0.057256997529919265,0.0848100393081423,0.14964675170591818,0.01407921888025227,1.0345800962331615,0.12478778221324269,0.11574157986978482,1.2891886492258176,0.9153402722391508,0.9374560441686396,0.968897588657083,0.9205858669153522,0.8440123320003161,0.9942510028844289,0.9781018232477705,0.9851687841307984,0.971646585174351,0.582487891617752,0.7893985808527219,4.668440369796708e-05,0.8565008576659928
177,0.007086549849374923,0.00040076958460306164,0.05726049536614553,0.08483777005648148,0.14958558437672068,0.013779676536823028,1.032073798321097,0.12478722746355579,0.11574034545616121,1.28638102059589,0.9503629901874124,0.907510493816782,0.970353882292829,0.929250211228043,0.8501035449391262,0.9942159549520069,0.9779490696248712,0.9850697591988311,0.9709813045798145,0.585368467364797,0.7908613227393422,4.664737584038057e-05,0.8621285786744965
178,0.007210299791173731,0.00039961565048136623,0.05726218740532866,0.08479543417762639,0.1496675364655524,0.013483715995652092,1.0295099633235165,0.12478882978047792,0.1157409050916346,1.2835233862695477,0.931641816791484,0.929596377738175,0.9683124963006183,0.9406861348560976,0.8582160689086631,0.994214000690809,0.9779494421812744,0.985068492813902,0.9718672787015741,0.5842269253219485,0.7902804080352378,4.661015900592463e-05,0.8692257116478587
179,0.007138168095978724,0.00040371342154823007,0.05726149827946444,0.08484865018512269,0.14965202904198469,0.01365403851913532,1.0303453416807697,0.12478630714131483,0.11573942339155062,1.2845250875745977,0.9573155171413691,0.9074799339983715,0.9695314834692783,0.9375747373386725,0.8527128099251327,0.9942425268445805,0.9780537268918823,0.9851396590478014,0.9719778859247672,0.5868692188698371,0.7916210215682635,4.657275356191437e-05,0.8643946772795472
180,0.007149239574200154,0.00041471248774417173,0.05726501540265467,0.08480734581757451,0.14963631264988694,0.01385577720601313,1.0323299627653586,0.12478876730222352,0.11574066894203684,1.2867151569529562,0.9511272682851353,0.9224435934146189,0.9732170388164758,0.9306058815666964,0.8490246635500556,0.9942002223918947,0.9779026399347811,0.9850349443360451,0.9714849956825018,0.5837035615483507,0.7900155944957867,4.6535159877526454e-05,0.8614439010766977
181,0.007094417086166133,0.0003904501365907228,0.0572555046308407,0.08482804205752997,0.14956841320151695,0.013827542754159965,1.033069148304991,0.12478478030540556,0.1157440493601727,1.2874254847488271,0.9575722762050788,0.9132166263984353,0.971157176033379,0.931469848219765,0.8507080364565468,0.9942963902220285,0.9782512344118252,0.9852745907580218,0.9720577671825585,0.5757526256287071,0.7859793093513086,4.6497378323795345e-05,0.8627529504142301
182,0.007099775397185738,0.00040524828941264064,0.05725789326408231,0.08480568123369282,0.14956859715864168,0.013623806006205224,1.0307313187417766,0.12478072129931125,0.1157424380550938,1.2848782616344006,0.9496522015954505,0.9190751445086706,0.9716701345603143,0.928959516028612,0.8536690363655545,0.9944072831830519,0.9786672207522377,0.9855575692287624,0.9723838363362287,0.5790345598667428,0.7876426745323006,4.645940927360973e-05,0.8654691461850305
183,0.007047200825761113,0.00038656926350602014,0.057261681708179184,0.08481395905771365,0.14950941048615368,0.013806327756162716,1.0317588643711482,0.12478362066739516,0.11573932658926459,1.2860881119290364,0.9574737211550951,0.9144508670520232,0.9704771231223579,0.9298884425968272,0.8503572340992692,0.9943125545375219,0.9783162800399446,0.9853181576222165,0.9711947040928058,0.5867154944344719,0.7915428478919799,4.64212531017088e-05,0.862369223001578
184,0.00708410461039126,0.0004076110645600246,0.05724685802950081,0.08480292564174315,0.14954149885098703,0.013920862158763677,1.0326160746469548,0.12478717438629576,0.11573761161969386,1.2870616981496361,0.947526252623951,0.9109826589595376,0.9699757599846062,0.9207053873411238,0.8472553145090421,0.9942151596131473,0.9779510862032526,0.985069772909654,0.9704575052023482,0.5910922389509519,0.7937656894619245,4.638291018467859e-05,0.8595273590565985
185,0.0070895867370262804,0.0003835003018097394,0.057256041292814495,0.0847768921880646,0.1495060199964131,0.013908050324488271,1.0336823188821684,0.12478433831564002,0.11574002764598966,1.2881147110441384,0.9641522811480172,0.9017081890606611,0.9696552982264819,0.9169833275477011,0.8459838238185663,0.994281377254218,0.9781962318207404,0.985237209320928,0.9720762701683415,0.5849342751480159,0.790638582611435,4.6344380900948195e-05,0.8583509712593579
186,0.007087769567543731,0.0003898920238581673,0.05725425898359459,0.08479681581338035,0.1495287362706295,0.013568585001153268,1.0303434393917708,0.12477938712527406,0.11573890328771365,1.284430282902343,0.9485501727902488,0.9202312138728324,0.9718414987059619,0.9363408630618575,0.8566165409728006,0.9944048744425056,0.978654988593722,0.9855498025636465,0.9715977268114931,0.5878366768872454,0.7921119542365891,4.630566563078609e-05,0.8681390367461168
187,0.0070476217712352775,0.0003935773982435255,0.05725389932134754,0.0847893050777116,0.14948440267402793,0.01367856021742962,1.0315360574239631,0.12478299665201396,0.11574249241637621,1.2857400798880825,0.9563045093738752,0.9108482864775932,0.9695509800218147,0.9351827811284618,0.8521846396115317,0.9943202655371338,0.9783283186436318,0.9853300608319269,0.9722647044721096,0.578202553555087,0.7872208183386936,4.6266764756296356e-05,0.86392127365256
188,0.007019513783443622,0.00039336698759461685,0.057252942018616006,0.08479699558725946,0.1494628184653343,0.013757661287697202,1.0316468154614302,0.1247825415554679,0.1157409950804752,1.2859279855591672,0.9431233215713014,0.9201516934346923,0.9722750961731481,0.9262563809998376,0.8487039126759491,0.9943295823637774,0.9783768390958809,0.9853602055585906,0.9730281794486205,0.5823596845125715,0.7893300933902164,4.622767866141493e-05,0.8610610310256691
189,0.007043427967292476,0.0003972122007122276,0.05724903560699301,0.08481529266320292,0.14950496846057,0.013844947927285236,1.0290698371341296,0.12478767742401226,0.11574216160669688,1.2834445860165369,0.9368992334789414,0.9271676300578034,0.971288357324933,0.9308594847035662,0.8514743201409732,0.9942227948662011,0.9779852893220059,0.9850921176852075,0.9722110423228374,0.5793251624173953,0.7877916552613689,4.6188407731905787e-05,0.8634557238593692
190,0.007087854755685688,0.00039918382002599974,0.057255020166965244,0.08482994656155578,0.149572005050684,0.013901866904311989,1.030098865502376,0.12478389791221103,0.11574089469267852,1.284525492428485,0.9390979709143457,0.9271676300578034,0.9696180685057725,0.9315780306287811,0.8487569280569179,0.9942632965508043,0.9781287548078148,0.9851914563816536,0.9717899831431035,0.5821059869589659,0.7892041803364701,4.6148952355357145e-05,0.8608430421018034
191,0.006991596230378386,0.0003939717714773849,0.05724657234464977,0.08481091434624813,0.14944305406535488,0.013624463547378726,1.0320476349569325,0.12478707847794937,0.11574346144044899,1.286202623165923,0.9374589494509148,0.9202312138728324,0.9706527544619934,0.925955783312306,0.8503248092000778,0.9942355505865818,0.9780239314774009,0.9851205597970827,0.9721618480861309,0.5762621081415051,0.7862358475753515,4.610931292117764e-05,0.8623576037262694
192,0.006943359370772719,0.00038072039331386555,0.05724822700763425,0.08484234229769408,0.14941464790779366,0.013964987820563726,1.0325165499276105,0.12478455292616839,0.11574167258595401,1.287007730668752,0.9420511730587757,0.922543352601156,0.9717173081434143,0.928469030770373,0.8469966198860932,0.9942653038345938,0.9781336214005799,0.9851954680945562,0.9721443560613158,0.5798438952576979,0.78805553352809,4.6069489820592495e-05,0.8594686887118252
